{
  "glove": {
    "label": "GloVe",
    "raw": {
      "intra_vs_inter": {
        "n_intra": 280,
        "n_inter": 280,
        "cliffs_delta": {
          "estimate": 0.8975765306122448,
          "low": 0.8610459183673469,
          "high": 0.9276275510204082
        },
        "cohen_d": {
          "estimate": 2.3662251028036323,
          "low": 2.147184790833895,
          "high": 2.618033399258672
        },
        "p_mannwhitney": 1.9644318165920838e-75
      },
      "offsets": {
        "ed": {
          "n_offsets": 17,
          "mean_cos": {
            "estimate": 0.3345054090023041,
            "low": 0.30210989713668823,
            "high": 0.4493101239204407
          }
        },
        "ing": {
          "n_offsets": 25,
          "mean_cos": {
            "estimate": 0.34398967027664185,
            "low": 0.29587721824645996,
            "high": 0.4469432532787323
          }
        },
        "s": {
          "n_offsets": 28,
          "mean_cos": {
            "estimate": 0.3171984553337097,
            "low": 0.24070172011852264,
            "high": 0.4479843080043793
          }
        }
      },
      "probing_tense_ed": {
        "n_examples": 34,
        "accuracy": {
          "estimate": 1.0,
          "low": 1.0,
          "high": 1.0
        },
        "macro_f1": {
          "estimate": 1.0,
          "low": 1.0,
          "high": 1.0
        }
      }
    },
    "deaniso": {
      "intra_vs_inter": {
        "method": "remove_pcs",
        "pcs": 2,
        "n_intra": 280,
        "n_inter": 280,
        "cliffs_delta": {
          "estimate": 0.9621683673469388,
          "low": 0.941734693877551,
          "high": 0.9790051020408164
        },
        "cohen_d": {
          "estimate": 3.2128489633352753,
          "low": 2.9285896739221844,
          "high": 3.5437257111862617
        },
        "p_mannwhitney": 2.1249039630589175e-86
      },
      "offsets": {
        "ed": {
          "n_offsets": 17,
          "mean_cos": {
            "estimate": 0.2899010479450226,
            "low": 0.2619917094707489,
            "high": 0.415277898311615
          }
        },
        "ing": {
          "n_offsets": 25,
          "mean_cos": {
            "estimate": 0.3430081009864807,
            "low": 0.29714056849479675,
            "high": 0.4556245505809784
          }
        },
        "s": {
          "n_offsets": 28,
          "mean_cos": {
            "estimate": 0.2765359580516815,
            "low": 0.20714761316776276,
            "high": 0.41136434674263
          }
        }
      },
      "probing_tense_ed": {
        "n_examples": 34,
        "accuracy": {
          "estimate": 0.9416666666666667,
          "low": 0.875,
          "high": 1.0
        },
        "macro_f1": {
          "estimate": 0.9403174603174603,
          "low": 0.8717460317460317,
          "high": 1.0
        }
      }
    }
  },
  "bert": {
    "layer_1": {
      "label": "BERT layer 1",
      "raw": {
        "intra_vs_inter": {
          "n_intra": 280,
          "n_inter": 280,
          "cliffs_delta": {
            "estimate": 0.9889795918367347,
            "low": 0.975,
            "high": 0.9982908163265306
          },
          "cohen_d": {
            "estimate": 4.5372838056765366,
            "low": 4.0850069635177,
            "high": 5.09209508446465
          },
          "p_mannwhitney": 3.5728706962180567e-91
        },
        "offsets": {
          "ed": {
            "n_offsets": 17,
            "mean_cos": {
              "estimate": 0.2108093649148941,
              "low": 0.2112555056810379,
              "high": 0.31661003828048706
            }
          },
          "ing": {
            "n_offsets": 25,
            "mean_cos": {
              "estimate": 0.19851063191890717,
              "low": 0.19201615452766418,
              "high": 0.27788275480270386
            }
          },
          "s": {
            "n_offsets": 28,
            "mean_cos": {
              "estimate": 0.18770696222782135,
              "low": 0.17141331732273102,
              "high": 0.26682159304618835
            }
          }
        },
        "probing_tense_ed": {
          "n_examples": 34,
          "accuracy": {
            "estimate": 1.0,
            "low": 1.0,
            "high": 1.0
          },
          "macro_f1": {
            "estimate": 1.0,
            "low": 1.0,
            "high": 1.0
          }
        }
      },
      "deaniso": {
        "intra_vs_inter": {
          "method": "remove_pcs",
          "pcs": 2,
          "n_intra": 280,
          "n_inter": 280,
          "cliffs_delta": {
            "estimate": 0.9913265306122448,
            "low": 0.9783163265306123,
            "high": 0.9993622448979592
          },
          "cohen_d": {
            "estimate": 4.8114577710983495,
            "low": 4.325273495222663,
            "high": 5.413831612173315
          },
          "p_mannwhitney": 1.3454853088759515e-91
        },
        "offsets": {
          "ed": {
            "n_offsets": 17,
            "mean_cos": {
              "estimate": 0.21263383328914642,
              "low": 0.2135787010192871,
              "high": 0.320725679397583
            }
          },
          "ing": {
            "n_offsets": 25,
            "mean_cos": {
              "estimate": 0.19394086301326752,
              "low": 0.18659420311450958,
              "high": 0.278919517993927
            }
          },
          "s": {
            "n_offsets": 28,
            "mean_cos": {
              "estimate": 0.17661583423614502,
              "low": 0.16187049448490143,
              "high": 0.2543933689594269
            }
          }
        },
        "probing_tense_ed": {
          "n_examples": 34,
          "accuracy": {
            "estimate": 1.0,
            "low": 1.0,
            "high": 1.0
          },
          "macro_f1": {
            "estimate": 1.0,
            "low": 1.0,
            "high": 1.0
          }
        }
      }
    },
    "layer_6": {
      "label": "BERT layer 6",
      "raw": {
        "intra_vs_inter": {
          "n_intra": 280,
          "n_inter": 280,
          "cliffs_delta": {
            "estimate": 0.9966071428571428,
            "low": 0.9921173469387755,
            "high": 0.9996173469387755
          },
          "cohen_d": {
            "estimate": 4.842669115808634,
            "low": 4.383450558764572,
            "high": 5.431253987624165
          },
          "p_mannwhitney": 1.4822093927627301e-92
        },
        "offsets": {
          "ed": {
            "n_offsets": 17,
            "mean_cos": {
              "estimate": 0.19205766916275024,
              "low": 0.19445644319057465,
              "high": 0.29789069294929504
            }
          },
          "ing": {
            "n_offsets": 25,
            "mean_cos": {
              "estimate": 0.20385195314884186,
              "low": 0.1932089924812317,
              "high": 0.2871507704257965
            }
          },
          "s": {
            "n_offsets": 28,
            "mean_cos": {
              "estimate": 0.24913999438285828,
              "low": 0.2205190509557724,
              "high": 0.33881324529647827
            }
          }
        },
        "probing_tense_ed": {
          "n_examples": 34,
          "accuracy": {
            "estimate": 1.0,
            "low": 1.0,
            "high": 1.0
          },
          "macro_f1": {
            "estimate": 1.0,
            "low": 1.0,
            "high": 1.0
          }
        }
      },
      "deaniso": {
        "intra_vs_inter": {
          "method": "remove_pcs",
          "pcs": 2,
          "n_intra": 280,
          "n_inter": 280,
          "cliffs_delta": {
            "estimate": 0.9983928571428572,
            "low": 0.9958418367346938,
            "high": 0.9999234693877551
          },
          "cohen_d": {
            "estimate": 5.076053543276372,
            "low": 4.588602706628791,