{
  "glove": {
    "label": "GloVe",
    "raw": {
      "similarities": {
        "n_syn_pairs": 195,
        "n_ant_pairs": 194,
        "n_random_pairs": 194,
        "syn_mean_ci": {
          "estimate": 0.3544111682761771,
          "low": 0.32247823181066615,
          "high": 0.3865610482926385
        },
        "ant_mean_ci": {
          "estimate": 0.49357311301336615,
          "low": 0.46430045694650446,
          "high": 0.522595169704369
        },
        "rnd_mean_ci": {
          "estimate": 0.053769409620669936,
          "low": 0.028965760901217472,
          "high": 0.07693251919813848
        }
      },
      "neighbourhood": {
        "n_targets": 50,
        "rate_antonym_in_topk": 0.48
      }
    },
    "deaniso": {
      "similarities": {
        "method": "remove_pcs",
        "pcs": 2,
        "n_syn_pairs": 195,
        "n_ant_pairs": 194,
        "n_random_pairs": 194,
        "syn_mean_ci": {
          "estimate": 0.2763355201199794,
          "low": 0.244772045683259,
          "high": 0.3079215192952408
        },
        "ant_mean_ci": {
          "estimate": 0.40472791487466275,
          "low": 0.37565090923003625,
          "high": 0.43568161117469834
        },
        "rnd_mean_ci": {
          "estimate": -0.00466608647473118,
          "low": -0.019938476413690013,
          "high": 0.0111247149881782
        }
      },
      "neighbourhood": {
        "method": "remove_pcs",
        "pcs": 2,
        "n_targets": 50,
        "rate_antonym_in_topk": 0.54
      }
    }
  },
  "bert": {
    "layer_1": {
      "label": "BERT layer 1",
      "raw": {
        "similarities": {
          "n_syn_pairs": 195,
          "n_ant_pairs": 194,
          "n_random_pairs": 194,
          "syn_mean_ci": {
            "estimate": 0.2934290302105439,
            "low": 0.2742994269117331,
            "high": 0.31501671828520605
          },
          "ant_mean_ci": {
            "estimate": 0.3618302884482846,
            "low": 0.33920425522265973,
            "high": 0.382444848412091
          },
          "rnd_mean_ci": {
            "estimate": 0.19268347084829487,
            "low": 0.1847954334441534,
            "high": 0.20129027524867008
          }
        },
        "neighbourhood": {
          "n_targets": 50,
          "rate_antonym_in_topk": 0.46
        }
      },
      "deaniso": {
        "similarities": {
          "method": "remove_pcs",
          "pcs": 2,
          "n_syn_pairs": 195,
          "n_ant_pairs": 194,
          "n_random_pairs": 194,
          "syn_mean_ci": {
            "estimate": 0.13275006668394407,
            "low": 0.11071927353683024,
            "high": 0.15707746870242634
          },
          "ant_mean_ci": {
            "estimate": 0.21869092947157154,
            "low": 0.19311053530293873,
            "high": 0.2431642838550333
          },
          "rnd_mean_ci": {
            "estimate": 0.007930553348413333,
            "low": 0.001560215339587867,
            "high": 0.014444482776206755
          }
        },
        "neighbourhood": {
          "method": "remove_pcs",
          "pcs": 2,
          "n_targets": 50,
          "rate_antonym_in_topk": 0.58
        }
      }
    },
    "layer_6": {
      "label": "BERT layer 6",
      "raw": {
        "similarities": {
          "n_syn_pairs": 195,
          "n_ant_pairs": 194,
          "n_random_pairs": 194,
          "syn_mean_ci": {
            "estimate": 0.3016972186091619,
            "low": 0.2796974016687809,
            "high": 0.3255566456379035
          },
          "ant_mean_ci": {
            "estimate": 0.37754115877077754,
            "low": 0.35419617201556863,
            "high": 0.40196485072374344
          },
          "rnd_mean_ci": {
            "estimate": 0.14139998825170944,
            "low": 0.13250987560094632,
            "high": 0.1507610493080364
          }
        },
        "neighbourhood": {
          "n_targets": 50,
          "rate_antonym_in_topk": 0.54
        }
      },
      "deaniso": {
        "similarities": {
          "method": "remove_pcs",
          "pcs": 2,
          "n_syn_pairs": 195,
          "n_ant_pairs": 194,
          "n_random_pairs": 194,
          "syn_mean_ci": {
            "estimate": 0.17892265382875056,
            "low": 0.15483451990980823,
            "high": 0.20467033335679355
          },
          "ant_mean_ci": {
            "estimate": 0.2649592288155301,
            "low": 0.23773732990717766,
            "high": 0.2921551883739141
          },
          "rnd_mean_ci": {
            "estimate": 0.00017338207071963889,
            "low": -0.007736577189733879,
            "high": 0.00903216538982005
          }
        },
        "neighbourhood": {
          "method": "remove_pcs",
          "pcs": 2,
          "n_targets": 50,
          "rate_antonym_in_topk": 0.6
        }
      }
    },
    "layer_12": {
      "label": "BERT layer 12",
      "raw": {
        "similarities": {
          "n_syn_pairs": 195,
          "n_ant_pairs": 194,
          "n_random_pairs": 194,
          "syn_mean_ci": {
            "estimate": 0.6350299891753074,
            "low": 0.619249154207034,
            "high": 0.6499080494428292
          },
          "ant_mean_ci": {
            "estimate": 0.6767824338268988,
            "low": 0.6620737222052112,
            "high": 0.6920602976046887
          },
          "rnd_mean_ci": {
            "estimate": 0.5142107340171165,
            "low": 0.5046220464804738,
            "high": 0.5244036809992545
          }
        },
        "neighbourhood": {
          "n_targets": 50,
          "rate_antonym_in_topk": 0.52
        }
      },
      "deaniso": {
        "similarities": {
          "method": "remove_pcs",
          "pcs": 2,
          "n_syn_pairs": 195,
          "n_ant_pairs": 194,
          "n_random_pairs": 194,
          "syn_mean_ci": {
            "estimate": 0.2511700542500386,
            "low": 0.22307349623491365,
            "high": 0.27719989196421246
          },
          "ant_mean_ci": {
            "estimate": 0.3256919722231201,
            "low": 0.29714075680918145,
            "high": 0.3546589545439929
          },
          "rnd_mean_ci": {
            "estimate": 0.001094397139728319,
            "low": -0.009706952368490129,
            "high": 0.013162700162622021
          }
        },
        "neighbourhood": {
          "method": "remove_pcs",
          "pcs": 2,
          "n_targets": 50,
          "rate_antonym_in_topk": 0.58
        }
      }
    }
  }
}
